{"cameraMode":{"drawMode":0,"name":"Shaded","section":"Shading Mode"},"sceneLighting":true,"audioPlay":false,"sceneViewState":{"showFog":true,"showMaterialUpdate":false,"showSkybox":true,"showFlares":true,"showImageEffects":true,"showParticleSystems":true,"showVisualEffectGraphs":true,"m_FxEnabled":true},"in2DMode":false,"pivot":{"x":-274.6038818359375,"y":-92.75054931640625,"z":-147.3394012451172},"rotation":{"x":0.36629587411880495,"y":0.0027880703564733268,"z":-0.0011053986381739379,"w":0.930564820766449},"size":81.36137390136719,"orthographic":false}