{"cameraMode":{"drawMode":0,"name":"Shaded","section":"Shading Mode"},"sceneLighting":true,"audioPlay":false,"sceneViewState":{"showFog":true,"showMaterialUpdate":false,"showSkybox":true,"showFlares":true,"showImageEffects":true,"showParticleSystems":true,"showVisualEffectGraphs":true,"m_FxEnabled":true},"in2DMode":false,"pivot":{"x":-274.61004638671877,"y":-410.6504211425781,"z":248.85507202148438},"rotation":{"x":0.34755557775497439,"y":-0.004247613716870546,"z":0.0014950409531593323,"w":0.9378452897071838},"size":324.8526306152344,"orthographic":false}