{"cameraMode":{"drawMode":0,"name":"Shaded","section":"Shading Mode"},"sceneLighting":true,"audioPlay":false,"sceneViewState":{"showFog":true,"showMaterialUpdate":false,"showSkybox":true,"showFlares":true,"showImageEffects":true,"showParticleSystems":true,"showVisualEffectGraphs":true,"m_FxEnabled":true},"in2DMode":false,"pivot":{"x":-279.7656555175781,"y":1.0767803192138672,"z":-243.93333435058595},"rotation":{"x":0.22542977333068849,"y":-0.011690921150147915,"z":0.002706591971218586,"w":0.974199652671814},"size":1.9312341213226319,"orthographic":false}