{"cameraMode":{"drawMode":0,"name":"Shaded","section":"Shading Mode"},"sceneLighting":true,"audioPlay":false,"sceneViewState":{"showFog":true,"showMaterialUpdate":false,"showSkybox":true,"showFlares":true,"showImageEffects":true,"showParticleSystems":true,"showVisualEffectGraphs":true,"m_FxEnabled":true},"in2DMode":false,"pivot":{"x":-275.0168151855469,"y":-39.01390075683594,"z":-223.89761352539063},"rotation":{"x":-0.44577640295028689,"y":0.0005449574091471732,"z":-0.00023662848980166018,"w":-0.8952347636222839},"size":37.274681091308597,"orthographic":false}