{"cameraMode":{"drawMode":0,"name":"Shaded","section":"Shading Mode"},"sceneLighting":true,"audioPlay":false,"sceneViewState":{"showFog":true,"showMaterialUpdate":false,"showSkybox":true,"showFlares":true,"showImageEffects":true,"showParticleSystems":true,"showVisualEffectGraphs":true,"m_FxEnabled":true},"in2DMode":false,"pivot":{"x":-272.4772033691406,"y":-77.98092651367188,"z":-123.74481201171875},"rotation":{"x":0.2854922115802765,"y":0.0028694989159703256,"z":-0.0008723294013179839,"w":0.9584479331970215},"size":83.60665130615235,"orthographic":false}