{"cameraMode":{"drawMode":0,"name":"Shaded","section":"Shading Mode"},"sceneLighting":true,"audioPlay":false,"sceneViewState":{"showFog":true,"showMaterialUpdate":false,"showSkybox":true,"showFlares":true,"showImageEffects":true,"showParticleSystems":true,"showVisualEffectGraphs":true,"m_FxEnabled":true},"in2DMode":false,"pivot":{"x":-280.36798095703127,"y":0.848435640335083,"z":-240.0124969482422},"rotation":{"x":-0.16899675130844117,"y":-0.0038462672382593157,"z":0.00066061393590644,"w":-0.9856295585632324},"size":4.218893527984619,"orthographic":false}