{"cameraMode":{"drawMode":0,"name":"Shaded","section":"Shading Mode"},"sceneLighting":true,"audioPlay":false,"sceneViewState":{"showFog":true,"showMaterialUpdate":false,"showSkybox":true,"showFlares":true,"showImageEffects":true,"showParticleSystems":true,"showVisualEffectGraphs":true,"m_FxEnabled":true},"in2DMode":false,"pivot":{"x":-278.8558044433594,"y":0.3456754684448242,"z":-245.16522216796876},"rotation":{"x":-0.47715073823928835,"y":-0.005791682284325361,"z":0.0031448008958250286,"w":-0.878847062587738},"size":3.563279628753662,"orthographic":false}