{"cameraMode":{"drawMode":0,"name":"Shaded","section":"Shading Mode"},"sceneLighting":true,"audioPlay":false,"sceneViewState":{"showFog":true,"showMaterialUpdate":false,"showSkybox":true,"showFlares":true,"showImageEffects":true,"showParticleSystems":true,"showVisualEffectGraphs":true,"m_FxEnabled":true},"in2DMode":false,"pivot":{"x":744.82861328125,"y":214.90306091308595,"z":-430.68829345703127},"rotation":{"x":-0.05456847324967384,"y":-0.018290357664227487,"z":-0.0009962006006389857,"w":0.9983848929405212},"size":126.51859283447266,"orthographic":false}