{"cameraMode":{"drawMode":2,"name":"Shaded Wireframe","section":"Shading Mode"},"sceneLighting":true,"audioPlay":false,"sceneViewState":{"showFog":true,"showMaterialUpdate":false,"showSkybox":true,"showFlares":true,"showImageEffects":true,"showParticleSystems":true,"showVisualEffectGraphs":true,"m_FxEnabled":true},"in2DMode":false,"pivot":{"x":0.9942194819450378,"y":0.02487291395664215,"z":0.37330785393714907},"rotation":{"x":0.30093076825141909,"y":-0.04404472932219505,"z":0.013907057233154774,"w":0.9525425434112549},"size":4.559635162353516,"orthographic":false}