{"cameraMode":{"drawMode":0,"name":"Shaded","section":"Shading Mode"},"sceneLighting":true,"audioPlay":false,"sceneViewState":{"showFog":true,"showMaterialUpdate":false,"showSkybox":true,"showFlares":true,"showImageEffects":true,"showParticleSystems":true,"showVisualEffectGraphs":true,"m_FxEnabled":true},"in2DMode":false,"pivot":{"x":-259.4410095214844,"y":-256.8717956542969,"z":211.2496337890625},"rotation":{"x":0.2632964253425598,"y":-0.0028958606999367477,"z":0.0007863974897190929,"w":0.9648671746253967},"size":283.5949401855469,"orthographic":false}