{"cameraMode":{"drawMode":0,"name":"Shaded","section":"Shading Mode"},"sceneLighting":false,"audioPlay":false,"sceneViewState":{"showFog":true,"showMaterialUpdate":false,"showSkybox":false,"showFlares":true,"showImageEffects":true,"showParticleSystems":true,"showVisualEffectGraphs":true,"m_FxEnabled":true},"in2DMode":false,"pivot":{"x":-275.0342102050781,"y":1.6514098644256592,"z":-205.46859741210938},"rotation":{"x":-0.44577640295028689,"y":0.0005449574091471732,"z":-0.00023662848980166018,"w":-0.8952347636222839},"size":2.311436653137207,"orthographic":false}