{"cameraMode":{"drawMode":2,"name":"Shaded Wireframe","section":"Shading Mode"},"sceneLighting":false,"audioPlay":false,"sceneViewState":{"showFog":true,"showMaterialUpdate":false,"showSkybox":false,"showFlares":true,"showImageEffects":true,"showParticleSystems":true,"showVisualEffectGraphs":true,"m_FxEnabled":true},"in2DMode":false,"pivot":{"x":0.0006009042263031006,"y":0.6710000038146973,"z":-22.102130889892579},"rotation":{"x":0.12754632532596589,"y":-0.7765900492668152,"z":0.16676518321037293,"w":0.5941736698150635},"size":0.7389963269233704,"orthographic":false}