{"cameraMode":{"drawMode":0,"name":"Shaded","section":"Shading Mode"},"sceneLighting":true,"audioPlay":false,"sceneViewState":{"showFog":true,"showMaterialUpdate":false,"showSkybox":false,"showFlares":true,"showImageEffects":true,"showParticleSystems":true,"showVisualEffectGraphs":true,"m_FxEnabled":true},"in2DMode":false,"pivot":{"x":-276.92999267578127,"y":2.9099998474121095,"z":-239.7899932861328},"rotation":{"x":0.36629587411880495,"y":0.0027880703564733268,"z":-0.0011053986381739379,"w":0.930564820766449},"size":3.4101173877716066,"orthographic":false}