{"cameraMode":{"drawMode":0,"name":"Shaded","section":"Shading Mode"},"sceneLighting":false,"audioPlay":false,"sceneViewState":{"showFog":true,"showMaterialUpdate":false,"showSkybox":false,"showFlares":true,"showImageEffects":true,"showParticleSystems":true,"showVisualEffectGraphs":true,"m_FxEnabled":true},"in2DMode":false,"pivot":{"x":-275.0342102050781,"y":1.6514098644256592,"z":-205.46859741210938},"rotation":{"x":-0.4392918348312378,"y":-0.0021586662624031307,"z":0.001055594882927835,"w":-0.8983455300331116},"size":2.311436653137207,"orthographic":false}